c1a33843-9aee-43b0-8e9d-7ca1e28f9ecd, kdkaerf,
da36067f-7af8-411b-b820-8e0709b4d64e, freakdk, 174655505191403521
fd532be9-2823-4a6a-917c-9e91ad029d57, Muni_Jr, 282539949604208651
1c928887-e776-4d12-b472-6bed54c52166, PizzaJarlen, 344187330958983168
c76ecd59-a153-4178-a823-4b250708aed9, zAndreaz, 362249061778063360
6f63ce55-4e5f-404a-8fd6-4a2bc8988a8f, Sykopingvin, 543465653374550027
2e98bdb9-13c6-40d9-b5c5-124914fd2b79, KattenTheo, 398843624546369537
bb0b4cc6-4d17-4dc9-aba5-0e26b3bc1819, KoldingV3, 527179650502230026
1fe42ca1-b936-4b44-8117-8acd32c31aff, LegendenVoldby, 329666784485441556
4e36af16-fa65-47a4-97b8-a0c7bf5f4117, Cubraa, 500807597553877014
2fc37d3b-fed4-4e66-b047-91d9a40b8a7e, NotMakker, 514118062727757826
188f0419-50c5-497c-9f13-cc51078111d3, G1ffelMester, 455330009385795585
f8f44520-6399-42b2-aad9-4e3735604949, Sw1chhh, 638036201907027968
10151895-6f01-4474-a094-708ec927702d, Slyqnn, 339868867914498058
0aa5205b-aa61-4606-9f11-d8f800d84006, pomfrit,
1bcfd505-f7d3-4708-b1da-4d70270a9da2, JydenAar, 722482254709784687
6aaae8a4-d3fd-42f6-bb56-f53508c587d8, MellemlynV2, 566640144913006612
a2d0cd37-276a-4ec9-8050-59b7d6512313, Friday30, 797795922096553984
83d2661f-7adb-4e54-9c2d-14017ae79357, OneGlitchs, 282408248458346497
daa3ee2b-2c42-4fa8-8265-86836339de0e, luffegamerv4, 427944106577231882
598b487c-451b-443d-a762-1317843ac6d0, ToastMC1, 261443105364901888
6a66d89e-2bfe-41b1-89b8-6c354225e3a9, Zakarias0328v2, 512979281362681886
96e8a81e-4b86-4a40-b320-4348255e184c, Lucas_AS, 341959675773845516
965ca607-041d-4c5b-a5d9-15f92f085e88, OzzyDK, 441899705325322251
1bb7ff91-1d66-4eea-9290-73bc07e8374e, 3132, 353186827378884608
c9b44b46-f841-4707-9f46-358ff49259da, Zeqniiix, 315218806454878209
7547a029-65a9-4592-84d6-1590c3ee9d0c, EasyPeazy_,
3711278b-d645-4f40-b858-ae2d873efd82, DenUkendteGut, 289402091053645825
e7beca81-f33a-448f-b7c8-52f1a68df086, Nikolajhem, 430101345270497310
85253ae3-e174-43e1-b3d2-4e008adc0603, V5ga, 766709902746976287
41652547-9aa4-4441-a3f7-cff1e715aa0d, FlunkenYT, 168075005203185664
f5c2aca2-5943-48eb-8cd2-bf27b2a408c9, ClownPierce20V2, 794328852649869362
aa9d308b-6ff1-41a5-b7a7-2a7aa802c86c, GroenThe, 805180688994795573
4c3f433a-3723-4cdd-865b-3d9298b2266d, Falxee, 423502232424677388
40d9211c-5f84-492e-a96e-194f84c680f2, t0asty69420, 312944404031733760
85ecc3e2-b110-4e82-a12e-c8c2c82da015, GirlBoost, 750695894348726345
12ea24fd-134e-41ec-ad05-2000e7f77ef3, _PinkBee_, 873701628656623657
aba60311-fa1e-49d3-a03d-89dbeb4d1595, Parz1val2045, 833401648029630475
d879af58-f1a7-4003-94fd-cf58827b5fc0, Ant0n__, 518474588741566486
0d4d6851-d0e5-4a10-9b0e-f9de8f44f7d9, badenso,
e6c7af4d-8215-468b-9073-bfecac7d2035, Snaggee__, 805538050213019698
67d68551-ff82-4ea2-afcd-17904a5a030e, AskeVII, 463369478730678293
0fd04803-b76d-4134-9806-26850308ddb4, Olimine02, 281881662286200834
3b0c61b7-c0f8-4e4e-90f5-f4d49555fac8, MonkeeDK, 494508350667620372
a9c92908-c1fb-44d1-b944-13042bf6ccba, L4uiseSejr, 258597046049701888
1c177b18-57d5-4e46-8894-32468713a8c7, DrommekageKriger, 396744086910140416
b9bb9656-7be8-4b52-91fd-4ef5088e6c13, OskarFrede, 738767023450095647
4a7ab0a5-3901-45a7-90ec-f3d8d3f8fada, T1ldsen, 721006684625174558
56c8a202-e9db-4f82-8682-e783f4ad8029, AndersTekkitv2, 521342907249197066
d3b26fac-33f7-4f52-a8df-2e867da172a2, Mr_Gulle,
644ee3f9-3752-4193-a1a1-31aa67982114, Tiske_TaskeV2, 659095630274232378
22e3f9b3-0413-4f2b-a4e4-cadbdc52fcb1, Nuddi_Gaming, 575019212351995909
a0aee4fe-c022-45e2-b5f8-40308260de15, Antrex, 524972524648398858
272bffc8-09ea-4fe4-b8e2-80c3c791f4a2, Svambz,
bdbb49c3-dfa4-4ba5-888a-cd999f2a588a, Opvaske, 402097472153059338
e966d80c-c43e-47e8-8122-d443cc1bca23, Valentaion, 296998986659921920
258f713b-97d3-4269-a6b4-36bedbeebab8, Mr_Ronj4n, 887342381752516628
23a14f89-5e11-4cce-8619-81b6860e72c0, _J0E__, 469802541106855936
93f6e81b-d6e9-4897-b2fd-ce63d8406f48, 0scaR__, 445964687046344711
b7124688-92da-4061-b910-ab0e218dd01d, 3sben_P, 437588781160202241
7183db21-fe7a-4e4f-bf49-bd44d433f993, Johanowitz, 399979365250891776
1b305677-2591-4279-8da6-b8ee0b3eda9f, Rallemuzen, 451010611808174080
f1fa6a04-9dae-41ae-a1ab-b9e493a87714, EmiiiloVich, 282434363906457601
34585d1d-e0a1-45f6-a788-f92e7f57c277, Daniel_kongen, 548828381777494020
836b9ea5-a2c8-4a20-b1c4-720fe3edc3d3, Pernole, 287912638963515392
3c4999a4-2b08-43f0-871a-6583cafc01be, LinusFrede, 503296667991146498
a2a62d34-2657-4a40-96e9-d77b3dced7cc, KevinKrisV2, 249569094540460033
511ec4e3-bbc3-4584-9d9e-01a519387641, Osqaar, 1121367046257647646
d6f22556-fbe9-4b5b-ab73-b2d32d4a819e, Nicmand3n, 587597177111445507
1d8a619a-daf9-4505-bfed-a094e91d4ee7, Buchwaldtnr2, 735141457874255942
5de2c973-6aab-4ff2-89c2-dad11d5accae, Aleex3nder, 531890857016688640
c647e9f8-f51d-4799-be8a-7903633a82ae, ElChapo_AKAV2, 1014230460500561931
35e7edf0-0504-4b28-a8e8-4ba362835a0a, Lazito,
d0f54e63-7da8-445e-ace5-24cd3f74dea3, Th0rminat0r, 441907563852726272
978cb282-b391-40cc-b075-6b1e5f7b42cf, sneaky_boy_yt, 920402090231218197
94098855-f224-4287-b60c-e87816dc5415, _Lobcorny_, 378965530654277635
6917232b-4e28-47b5-9c87-654633d3db2d, TastyCooki3,
7d524412-b30e-462a-9497-feb1aeee6b63, The_SnowTroll, 424299753266741249
c958ec61-8b98-4681-bda1-3d6d803b1a11, Fiskemis, 196960731415969793
f3268a8b-23bc-46ed-8da4-c2092245f825, Nemkov, 645342798098464799
9b251163-f70e-4071-836c-4763c9dfbb4a, L4sseAaB,
68766067-cf25-4263-b52d-f12200202569, zLuisa,
79a24a77-ebc4-4528-85d7-a32ec47ed3fd, GustavQV, 373462559933595649
e668189c-3eb2-443d-96f4-c6bc38d9b91f, FredeJH2nd,
e5a3268d-c212-4c1a-9eae-fb4c7c218ef5, Bil3s, 906881045612363786
5a492e4e-03c5-4abc-8342-6ae52c30f1f2, Vandrotte,
f494c431-ddef-49da-b417-751cf052de8f, Nimbooo,
9bd56ea2-2dac-4ef6-aa08-bcd5297d576f, Tfoue, 1029380456052957235
dc7b73f0-ec8c-49ec-b0cc-5dcf5d8a85b8, L0RD201, 696102177701101621
81f49df3-94a5-4f94-8000-c5c18b6261ba, Champen_V1ldtand, 503941649290756107
f5af89ca-3a8d-4d16-98aa-61e1bb668646, Tobi_Cake, 798087077614845963
f9c908e5-7a08-49cb-9924-6ddcf70f0e07, SneezyHades5501,
f6d49140-4516-45e3-94ab-e806d220fe8b, vova6969, 451720702563975178
41e3300b-14ff-444a-8505-d4cec593965a, C4trineSejr, 197785503544770561
ebed095b-c8de-4887-ac2e-909c844d40cc, EliasBlack,
45eefaef-e00d-4f82-b4c1-28db0f5b44b4, fritzdiamondv2, 798087823655174194
908aa711-c735-498a-acd7-4c0de6d7aca6, Fister2nd, 343012856771379212
55993bce-5570-4cf4-9578-7b7598e87605, Rudbrod, 504279946672341007
ecf8beb8-be4f-45ea-8dc4-9b28580699cf, UpgradeHerobrine, 302855061329936396
f3dcc87b-1d7e-431d-9749-5cb79925053a, Idag_, 368865442435170318
a739140b-a69f-4ca5-96dc-ada5bb39c652, SebFyrenYT, 534808208821452801
c71dd21e-242e-458b-9cc5-2d39e4835743, Mobizz, 409717554458918922
4476e8a2-dc42-4822-967a-bac73a7e6da0, Holg4r, 546389516278038569
6344a85b-7b81-4829-b9f3-4638e73f9022, 4amse, 814617095304249405
6e533d86-7766-4ac4-bb16-9d2f8e9e587f, BankMandPer, 421703045538250752
5b258e33-7b3d-46b9-be51-28d5e51bb037, OGreen,
7bf070be-ce1b-4994-b713-59dade606ee4, Fraxizzz,
16a73080-f9f6-476f-952e-6894415b07ba, Gyymmr, 443487288362795019
34a5c551-302a-4623-a363-bf7d9406efed, C1tronMaane, 623131417823674368
899e8509-52fb-483f-ba98-17384be04653, MunKensHule, 233649597057073152
07612ae1-ef37-475e-8b0b-9ab2cfccf819, ThuongVH, 545894512803971075
